ingredient,keto
absinthe rinse,1
acacia honey,0
acai juice,0
achiote paste,1
citric acid,1
agave nectar,0
almond flour,1
arrowroot powder,0
amaranth,0
apple cider vinegar,1
acini di pepe,0
sea salt,1
broccoli florets,1
carrot sticks,0
mushroom powder,1
coconut aminos,0
chia seeds,1
nutritional yeast,1
seitan,0
adobo sauce,0
adobo seasoning,1
agave honey,0
agave syrup,0
tahini,1
liquid smoke,1
ahi tuna,1
aioli mayonnaise,1
aji amarillo,1
aji dulce,1
aji sauce,0
albacore tuna,1
bass fillet,1
alfalfa sprouts,1
beef sausages,0
acorn squash,0
anchovy paste,1
black pepper,1
all-purpose flour,0
allspice berries,1
nutmeg,1
amaranth seeds,0
beetroot powder,0
cassava flour,0
almond aioli,1
almond butter,1
almond cakes,0
almond milk,1
black garlic,0
hemp hearts,1
sunflower lecithin,1
almond extract,1
almond meal,1
vanilla extract,1
almond oil,1
almond paste,0
almond yogurt,0
almond flakes,1
almond slices,1
maple syrup,0
almonds,1
marcona almonds,1
pecans,1
pistachios,1
almond powder,1
peanuts,1
walnuts,1
cashews,0
hazelnuts,1
macadamia nuts,1
brazil nuts,1
avocados,1
pears,0
white wine,0
olive oil,1
avocado oil,1
pearl onions,0
amaranth flour,0
amaretto,0
coffee liqueur,0
herbs de provence,1
hazelnut liqueur,0
coconut flour,1
cashew cream,0
bitters,1
red wine,0
beer,0
rum,1
coconut oil,1
caviar,1
sherry vinegar,1
tofu noodles,1
cauliflower rice,1
anaheim chile,1
anaheim chiles,1
ancho chile,1
ancho chiles,1
ancho powder,1
chipotle pepper,1
poblano pepper,1
guajillo chile,1
serrano pepper,1
jalapeno pepper,1
anchovies fillets,1
anchovies oil,1
anchovies paste,1
anchovies,1
anchovy fillet,1
anchovy oil,1
anchovy,1
anchovy flakes,1
anchovy powder,1
anchovy fillets,1
chervil,1
coconut,0
cream,1
tofu,1
ghee,1
tempeh,1
mustard,1
onions,0
parsley,1
sesame,1
fruits,0
andouille sausage,1
andouille sausages,1
andouille slices,1
sugar,0
tequila,1
plums,0
anise extract,1
anise liqueur,0
anise star,1
anisette liqueur,0
annatto paprika,1
annatto powder,1
appenzeller cheese,1
amaranth grain,0
apple cider,0
apple butter,0
apple chutney,0
apple vinegar,1
apple molasses,0
apple syrup,0
apple extract,1
apple,0
apple jelly,0
apple juice,0
apple rings,0
apple sauce,0
apple pie filling,0
apple pie,0
apple slices,0
apple brandy,0
apple slaw,0
apple mint,1
smoked paprika,1
apples,0
applewood smoked bacon,1
parmesan,1
apricots,0
parmesan cheese,1
ground cinnamon,1
apricot nectar,0
apricot,0
apricot glaze,0
apricot jam,0
apricot liqueur,0
apricot extract,1
apricot oil,1
apricot puree,0
apricot kernels,1
apricot vinegar,1
peach,0
apricot preserves,0
pineapple nectar,0
apricots half,0
flour,0
apricot syrup,0
prunes,0
aquafaba,0
arbol chiles,1
arborio rice,0
salmon,1
arepa flour,0
arrowroot,0
artichoke half,0
artichoke hearts,0
artichoke,0
bamboo shoots,1
daikon radish,1
konjac noodles,1
arugula greens,1
arugula lettuce,1
arugula pesto,0
arugula salad,0
sorrel,1
kale chips,0
watercress salad,0
radicchio leaves,1
endive,1
frisee lettuce,1
arugula,1
watercress,1
asafetida powder,1
asafoetida powder,1
soy sauce,0
tender arugula,1
asafetida,1
asafoetida,1
asiago cheese,1
asparagus,1
sesame oil,1
asian pear,0
jasmine rice,0
zucchini noodles,1
assorted mushrooms,1
mint leaves,1
seasoning salt,1
avocado flesh,1
amaro liqueur,0
avocado,1
avocado cream,0
avocado puree,1
avocado slices,1
avocado spread,1
baby artichokes,1
baby arugula,1
baby basil,1
baby beet,0
baby beets,0
baby brussels sprouts,1
baby carrots,0
baby kale,1
baby spinach,1
baby zucchini,1
baby corn,0
baby eggplant,1
baby fennel,1
baby bell peppers,1
baby bok choy,1
baby leeks,0
baby frisee,1
baby greens,1
baby heirloom tomatoes,0
baby mustard greens,1
baby tatsoi,1
lemon zest,1
baby lettuce,1
baby lettuces,1
baby mint,1
baby mushrooms,1
baby okra,1
baby parsley,1
baby pattypan squash,1
baby peas,0
pineapple chunks,0
baby potatoes,0
baby romaine,1
baby shrimp,1
pork tenderloin,1
baby tomatoes,0
baby turnips,1
baby summer squash,1
baby vegetables,0
baby broccoli,1
bacon,1
smoked bacon,1
bacon bits,1
bacon strips,1
chicken necks,1
chicken wings,1
bacon pieces,1
bacon drippings,1
bacon fat,1
bacon slices,1
pancetta,1
tempeh bacon,0
coconut bacon,0
smoked tofu,1
mushroom slices,1
bacon rashers,1
bacon cubes,1
bagel chips,0
bagels,0
tofu strips,1
cherries,0
cranberries,0
marshmallows,0
peas,0
radishes,1
raspberries,1
spinach,1
green tea,1
baguette bread,0
baguette crackers,0
bread crust,0
baguette slices,0
baharat spice,1
baguette loaf,0
baguettes,0
breadcrumbs,0
bread dough,0
seasoning mix,1
baguette,0
ras el hanout,1
baharat seasoning,1
brioche buns,0
dinner rolls,0
baking soda,1
baking flour,0
baking powder,1
garam masala,1
burrata,1
potatoes,0
mozzarella,1
mozzarella balls,1
balsamic vinaigrette,0
eggplants,1
bamboo shoot,1
black quinoa,0
blue cornmeal,0
blood oranges,0
brown rice syrup,0
butternut squash noodles,0
banana,0
banana ketchup,0
banana slices,0
banana flour,0
banana chips,0
banana extract,1
banana leaves,1
bananas,0
baobab powder,0
chocolate bar,0
barbecue rub,1
barbecue sauce,0
balsamic glaze,0
burdock root,0
barley flour,0
barley grain,0
barramundi fillets,1
chocolate bars,0
bartlett pears,0
barley malt,0
bok choy,1
black sesame seeds,1
blackstrap molasses,0
basil leaves,1
basil seeds,1
chiffonade,1
cilantro,1
fingerling potatoes,0
lemon basil,1
basil pesto,0
basil oil,1
balsamic vinegar,0
basil,1
oregano,1
pesto,0
rice,0
thyme,1
garlic,1
lemon,1
almond,1
zucchini,1
thai basil,1
fennel syrup,0
blueberries,0
strawberries,1
fennel pollen,1
spirulina,1
dragon fruit,0
blackberries,1
goji berries,0
basmati rice,0
fish fillet,1
fish fillets,1
whole fish,1
branzino,1
shirataki noodles,1
cupcake batter,0
panettone,0
bay leaves,1
icing sugar,0
black beans,0
brown rice,0
broccoli,1
bay leaf,1
bay scallops,1
old bay seasoning,1
bay shrimp,1
bean curd,1
bbq sauce,0
bbq marinade,0
soy curls,1
bean paste,0
bean sauce,0
bean spread,0
bean sprouts,1
bean mix,0
black bean noodles,0
bean flour,0
bean oil,1
bean chips,0
green beans,1
cannellini beans,0
chickpeas,0
emergo beans,0
kale,1
pinto beans,0
kidney beans,0
navy beans,0
garbanzo beans,0
lima beans,0
bean broth,0
string beans,1
wax beans,1
bean flakes,0
beans noodles,0
beans,0
bearnaise butter,1
bearnaise sauce,1
dried seaweed,1
bee pollen,0
black radish,1
blue algae,1
buckwheat honey,0
barley grass,1
beef,1
beef bones,1
beef bouillon,1
beef brisket,1
beef broth,1
beef cheeks,1
beef chuck,1
beef eye,1
lamb,1
chicken thighs,1
pork belly,1
lamb shank,1
turkey breast,1
salmon fillet,1
beef marrowbones,1
beef ribs,1
beef reduction,1
beef roast,1
beef shank,1
beef shanks,1
beef sirloin,1
beef steak,1
beef steaks,1
beef stock,1
beef suet,1
beef tenderloin,1
turkey,1
beef bone marrow,1
beef jerky,1
beef liver,1
beef tallow,1
beef tripe,1
beefsteak tomato,0
beer mustard,1
beet greens,1
beet horseradish,0
beer soda,0
beet noodles,0
beer stout,0
beet powder,0
beer lager,0
beet chips,0
beet sauce,0
beets,0
beet juice,0
beetroot,0
beet slices,0
beet hummus,0
beet slaw,0
golden beets,0
bel paese cheese,1
bell pepper,1
beet flakes,0
beluga lentils,0
benedictine liqueur,0
benne sesame,1
red cabbage,1
chocolate chips,0
mango,0
whiskey,1
daikon radish slices,1
mixed berries,0
berries,0
mint,1
yogurt,0
berry sauce,0
coconut yogurt,0
berry sorbets,0
bibb lettuce,1
blue spirulina powder,1
black salt,1
raisins,0
bigeye tuna,1
bing cherries,0
bird chiles,1
birdseye chile,1
butternut squash,0
birdseye chiles,1
biscuits,0
bread,0
honeydew,0
pineapple,0
spaghetti squash,1
black fondant,0
blackberry juice,0
black lentils,0
black rice,0
black truffle oil,1
blackberry jam,0
blackcurrant jelly,0
blackberry vinegar,1
blackberry puree,0
blackberry syrup,0
blackberry powder,0
blackcurrant nectar,0
black olives,1
black rice vinegar,1
blanched almonds,1
blanched spinach,1
black tea,1
block cheese,1
black mustard seeds,1
blended tofu,1
block tempeh,1
black bean paste,0
block coconut oil,1
blend almond flour,1
block tofu,1
blocks tofu,1
blood orange,0
tofu block,1
tofu blocks,1
orange zest,1
oranges,0
bloodorange marmalade,0
blue crabs,1
blue cheese,1
blossom petals,1
blueberry jam,0
blueberrychia jam,0
bluefish fillets,1
trout fillets,1
blueberry sorbet,0
blueberry syrup,0
fish steaks,1
blueberry compote,0
fish roe,1
blueberry extract,1
boar bacon,1
bocconcini mozzarella,1
bocconcini cheese,1
calamari rings,1
almond cheese,1
onion rings,0
squid tentacles,1
boiling onions,0
boiling potatoes,0
boiling water,1
bone broth,1
branzino fillets,1
hot water,1
chicken breast,1
bonein chicken,1
halibut fillets,1
ham hock,1
ribeye steak,1
salmon fillets,1
pork chops,1
lamb chops,1
roast beef,1
boneless beef,1
denver steak,1
eye of round,1
boneless chicken,1
boneless pork,1
boneless turkey,1
boneless ham,1
ground meat,1
roast lamb,1
beef eyes,1
boneless steak,1
bonito flakes,1
bonito tuna,1
borlotti beans,0
brown rice vinegar,1
bosc pear,0
bosc pears,0
boston lettuce,1
champagne,1
golden kiwi,0
purple sweet potato,0
peppers,1
porter,0
prosecco,1
cocacola,0
juice,0
lemongrass,1
seltzer,1
wine,0
boule sourdough,0
bouquets garnis,1
brandy,0
liqueur,0
bourbon,0
scotch,0
water,1
proof,0
bowtie pasta,0
boysenberries,0
thyme branches,1
centimeters of ginger,1
bowls of rice,0
glasses of milk,0
lentils,0
chocolates,0
ketchup,0
licorice,0
mayonnaise,1
calvados,0
cognac,0
gin,1
vodka,1
schnapps,0
trout,1
bratwurst,1
skewer,1
chayote squash,1
brazil nut,1
cornbread,0
bite,0
bread crumbs,0
bread crusts,0
bread fingers,0
bread flour,0
flaxseed meal,1
bread slices,0
soda bread,0
wheat bread,0
bread-and-butter pickles,0
pickles,1
butter,1
vinegar,1
oil,1
salt,1
strong flour,0
breakfast radishes,1
breakfast sausage,0
bread triangles,0
breakfast sausages,0
lamb breast,1
chicken bones,1
chicken breast half,1
brewers yeast,0
brick cheese,1
brie cheese,1
brie slices,1
brioche bread,0
brioche bun,0
brioche dough,0
brioche rolls,0
espresso powder,1
brisket beef,1
beef fat,1
broccoli batons,1
broccoli crown,1
brioche sliders,0
broccoli crowns,1
broccoli head,1
broccoli heads,1
broccoli rabe,1
broccoli stems,1
cauliflower florets,1
asparagus spears,1
spinach leaves,1
broccoli slaw,1
broccolini stems,1
broccolini bunch,1
broccoli stalks,1
broccoli rice,1
broccoli noodles,1
broccoli chips,1
broccoli flour,1
broccoli oil,1
romaine lettuce,1
chicken broth,1
vegetable broth,1
brussels sprouts,1
brussels sprouts half,1
brown sugar,0
brussels leaves,1
brussels slices,1
brussels tops,1
brut champagne,1
bucatini pasta,0
spaghetti,0
buckwheat flour,0
buffalo meat,1
buffalo mozzarella,1
beef patties,1
buffalo wings,1
bulgur wheat,0
bulk sausage,1
burger buns,0
burgundy wine,0
rolls,0
tomato slices,1
burrata cheese,1
butter beans,0
tomato sauce,0
ceramic bowls,0
egg wash,1
canned tomatoes,0
serving dish,0
cheese grater,0
gravy,0
ham,1
lettuce,1
margarine,1
milk,0
half-and-half,0
butter lettuce,1
buttermilk,0
muffin,0
butter parchment,0
butter pats,1
butter rolls,1
coconut wraps,1
almond flour tortillas,1
avocado oil mayo,1
butter slices,1
butter substitute,0
toast,0
butterball potatoes,0
fat,1
glaze,0
kefir,0
buttermilk powder,0
buttermilk yogurt,0
butternut pumpkin,0
butterscotch chips,0
button mushrooms,1
cocoa,0
cabbage,1
kimchi,1
cabbage slaw,1
cacao beans,1
cacao chocolate,0
cacao nibs,1
cacao powder,1
caciocavallo cheese,1
cajun seasoning,1
cacio roma,1
cake flour,0
cake meal,0
cake mix,0
eggs,1
cake crumbs,0
cake frosting,0
cake sprinkles,0
calabaza butternut,0
calabaza pumpkin,0
calabrian chiles,1
calamansi juice,0
cream cheese,1
calamansi limes,1
calamata olives,1
california apricots,0
cantaloupe,0
capers,1
cashew nuts,0
collard greens,1
california avocados,1
california chiles,1
calimyrna figs,0
california almonds,1
california oranges,0
california walnuts,1
california olives,1
california grapes,0
callaloo spinach,1
calmyrna figs,0
cinnamon,1
calabaza squash,0
calamansi lime,1
calçots onions,0
red wine vinegar,1
penne,0
elbow macaroni,0
campanelle pasta,0
campanelle penne,0
spelt fusilli,0
chickpea garganelli,0
quinoa macaroni,0
brown rice pasta,0
whole wheat penne,0
candied citron,0
candied peel,0
candied orange peel,0
candied pecans,0
candied kumquats,0
candied ginger,0
candied cherries,0
candied pineapple,0
candied almonds,0
candied walnuts,0
candied lemon peel,0
candied lime peel,0
candied orange slices,0
candied fruit,0
candied figs,0
candied apricots,0
candied apple slices,0
candied mango,0
candied papaya,0
candied strawberries,0
candystripe beets,0
cane juice,0
cane sugar,0
cane syrup,0
cane molasses,0
canela cinnamon,1
canned artichoke,1
canned tomatillos,1
canned chickpeas,0
canned coconut milk,1
canned pumpkin,1
canned black beans,0
canned salmon,1
canned sardines,1
cannoli shells,0
canola mayonnaise,1
canola oil,1
canned kidney beans,0
cannellini,0
chiles,1
chilies,1
hominy,0
diced tomatoes,0
coconut milk,1
kippers,1
orange juice,0
canned tuna,1
canned beans,0
oysters,1
palm sugar,0
pumpkin,0
sardines,1
artichokes,0
seaweed,1
cauliflower,1
cantaloupe melon,0
caper berries,1
caper brine,1
lemon juice,1
caper,1
chili flakes,1
garlic powder,1
tomato paste,0
capicola ham,1
caramel,0
chocolate jimmies,0
caramel sauce,0
shallots,0
mushroom,1
cardamom pod,1
cardamom pods,1
cardamom powder,1
cardamom syrup,0
cardamom extract,1
ground cardamom,1
cardamom oil,1
cardamom paste,0
cardamom essence,1
carob chips,0
carrot slices,0
carrot celery,0
carrot cake,0
celery chips,1
coconut flakes,1
cabbage chips,1
carrot coins,0
carrot curls,0
carrot cut,0
carrot halfmoons,0
carrot juice,0
carrot ribbons,0
carrot slaw,0
carrot spirals,0
carrot threads,0
carrot orzo,0
carrots batons,0
carrots slices,0
sweet potato spirals,0
mushroom caps,1
bell pepper strips,1
carrots coins,0
carrots cut,0
carrots julienne,0
carrots puree,0
carrots greens,1
carrots ribbons,0
carrots sticks,0
carrots spirals,0
carrots wedges,0
carrots halfmoons,0
carrots halved,0
carrots rounds,0
carrots chips,0
carrots,0
carrot powder,0
carrot shavings,0
carrots thirds,0
casarecce pasta,0
cashew butter,0
cashews powder,0
sunflower seeds,1
cassia cinnamon,1
castelvetrano olives,1
caster sugar,0
catfish fillet,1
cheddar cheese,1
catfish fillets,1
caul fat,1
cavatappi pasta,0
penne pasta,0
cavatelli pasta,0
konjac flour,1
cavolo nero,1
cayenne pepper,1
cedar nuts,0
celery stalks,1
celery salt,1
celery curls,1
celery sticks,1
celery root,1
celery flakes,1
celery powder,1
celery juice,0
celery seeds,1
celery leaves,1
celery seed,1
celery slices,1
celery,1
cellophane noodles,0
centercut salmon,1
celery thirds,1
cepe mushrooms,1
cerignola olives,1
ceylon cinnamon,1
chaat masala,1
chai tea,1
chaga mushroom,1
challah bread,0
chambord liqueur,0
chamomile tea,1
champagne grapes,0
champagne yeast,1
kelp noodles,1
champagne mangoes,0
champagne vinaigrette,0
champagne vinegar,1
champagne wine,0
champagne mustard,1
champagne sorbet,0
champagne jelly,0
chana dal,0
chanterelle mushrooms,1
char siu sauce,0
chanterelles mushrooms,1
chayote,1
chlorella,1
chicory root,0
chufa,0
charcoal salt,1
chard stems,1
chard leaves,1
chard greens,1
charcoal grill,0
charcoal powder,1
charcoal tablets,1
charcoal capsules,1
charcoal seasoning,1
chard spinach,1
charentais melon,0
charred tomatillo,1
chard ribs,1
chard,1
cheddar grits,0
chartreuse liqueur,0
cheddar romano,1
cheese bacon,1
cheese bite,1
cheese bulgarian,1
cheese cabrales,1
cheese cheddar,1
cheese feta,1
cheese gouda,1
cheese mozzarella,1
cheese parmesan,1
cheese ricotta,0
cheese cilantro,0
cheese colby,1
cheese cream,1
cheese grating,0
cheese curds,1
grated cheese,1
colby cheese,1
cheese greek,1
cheese manchego,1
cheese brie,1
cheese blue,1
cheese pastrami,0
cheese pecorino,1
cheese ravioli,0
cheese rind,1
cheese romano,1
tofu feta,1
almond parmesan,1
coconut mozzarella,1
cashew ricotta,0
cheese sauce,0
cheese shards,1
cheese shaving,1
cheese shavings,1
cheese slices,1
cheese spread,0
cheese tortelloni,0
cheese crackers,0
cherie potatoes,0
cheese sugar,0
cherokee tomatoes,1
cherries apricots,0
cherries bing,0
cherries blueberries,0
cherries cranberries,0
cherry plums,0
cherry peaches,0
cherry blackberries,1
cherry raspberries,1
cherry strawberries,1
cherry juice,0
cherry slivers,0
cherry syrup,0
cherry ale,0
cherry extract,1
cherry brandy,0
cherry jam,0
cherry liqueur,0
cherry pepper,1
cherry vinegar,1
cherry puree,0
cherry peppers,1
cherry preserves,0
cherry soda,0
cherry strawberry,0
cherry tomatoes,1
cherry yogurt,0
cherry clams,1
chervil chives,1
chervil dill,1
chervil herb,1
cherry smoked salt,1
chervil parsley,1
chestnut flour,0
chestnut honey,0
chestnut extract,1
chestnut cream,0
chervil oil,1
chervil vinegar,1
chestnut paste,0
chestnuts,0
chevre,1
caramels,0
chex cereal,0
chia,1
chicharrones,1
chicken stock,1
duck feet,1
turkey neck,1
chicken bouillon,1
chicken breasts,1
chicken carcass,1
chicken cutlet,1
chicken cutlets,1
chicken pieces,1
portobello mushrooms,1
chicken drumettes,1
chicken drumsticks,1
chicken fat,1
chicken giblets,1
chicken gizzard,1
tofu cubes,1
jackfruit pulled pork,0
chicken legs,1
chicken livers,1
chicken meat,1
chicken neck,1
jackfruit,0
mushrooms,1
chicken parts,1
chicken portions,1
chicken sausages,1
chicken scallopini,1
chicken tenders,1
chicken thigh,1
chicken veloute,0
chicken wing,1
seitan nuggets,0
chicken wingettes,1
chicken backbones,1
chicken gizzards,1
chicken hearts,1
chicken liver,1
chickpea flour,0
chickpea puree,0
chickpeas liquid,0
chickpeas water,0
chickpeas flakes,0
chickpeas powder,0
chickpeas sprouts,0
chickpeas flour,0
chihuahua cheese,1
chile arbol,1
chile paste,0
chile flakes,1
chile fresno,1
chile jalapeno,1
chile jam,0
chile oil,1
chile peppers,1
chile powder,1
chile salt,1
chile vinegar,1
chile sauce,0
chile salsa,0
chile seasoning,1
chile thai,1
chiles arbol,1
chiles fresno,1
chiles jalapeno,1
chiles poblano,1
chiles habanero,1
chiles serrano,1
chiles chipotle,1
chiles ancho,1
chiles jalapenos,1
chili oil,0
chili powder,1
chili paste,0
chili sauce,0
chili seasoning,1
chili vinegar,1
chili pepper,1
chili peppers,1
chiligarlic sauce,0
chililime butter,0
chililime peanuts,0
chilli flakes,1
chilli oil,1
garlic butter,1
lime salt,1
spicy peanuts,0
red pepper flakes,1
chilli powder,1
jujubes,0
chinkiang vinegar,1
chinese cabbage,1
chinese mustard greens,1
chinese black fungus,1
chinese five-spice powder,1
chinese sesame oil,1
chioggia beets,0
chipotle chile,1
chipotle chiles,1
chipotle chilies,1
chipotle mayonnaise,1
chipotle powder,1
chipotle remoulade,0
chipotle rub,1
chipotle sauce,0
chipotle aioli,0
chipotle marinade,0
chipotle salsa,0
chipotle mayo,0
chipotle vinaigrette,0
chipotle tabasco,1
chipotles adobo,0
crackers,0
water chestnuts,0
wood ear mushrooms,1
salsa,0
chipotle lime seasoning,1
chives,1
chive blossoms,1
cucumber,1
chives pea,0
basil mint,1
parsley lemon,1
cucumber dill,1
pea shoots,0
rose water,1
scallions,1
tarragon,1
chlorella powder,1
choclo kernels,0
cocoa nibs,1
caramel bits,0
vanilla bean,1
peanut butter,1
dark chocolate,1
cocoa powder,1
hazelnut spread,0
oatmeal cookies,0
graham crust,0
coconut curls,1
lemon shavings,1
honey drizzle,0
ganache,0
walnut cut,1
marzipan eggs,0
coconut cream,1
guittard chocolate,0
ibarra chocolate,0
sprinkles,0
hershey's kisses,0
lindt chocolate,0
chocolate milk,0
chocolate morsels,0
chocolate powder,0
chocolate sauce,0
cocoa butter,1
semisweet chocolate,0
chocolate shaving,0
chocolate sprinkles,0
chocolate stout,0
chocolate valrhona,0
chocolate vintage,0
chocolate wafers,0
chocolatehazelnut mousse,0
chocolate liquor,1
chocolatehazelnut spread,0
chocolateport sauce,0
chocolate syrup,0
chorizo casing,1
chorizo casings,1
chorizo coins,1
chorizo linguica,1
chorizo links,1
chorizo sausage,1
chuck beef,1
chuck meat,1
chuck roast,1
chuck steak,1
chunky applesauce,0
chutney relish,0
ciabatta bread,0
ciabatta breads,0
ciabatta rolls,0
cider vinegar,1
cilantro leaves,1
cilantro basil,1
cilantro stems,1
cilantro chop,1
cilantro flakes,1
cilantro leafy,1
cilantro oil,1
cilantro paste,1
cilantro powder,1
cilantro lime,0
cilantro marjoram,1
cilantro mint,1
cilantro parsley,1
parsley oil,1
mint oil,1
marjoram oil,1
lime oil,1
cilantro sauce,0
cilantro shiso,1
cilantro slaw,0
cilantro sprout,1
cilantro pesto,0
cilantro vinegar,1
cilantro hummus,0
cilantro tofu,0
lime,0
allspice,1
lime juice,0
chutney,0
cumin,1
red chili flakes,1
coriander,1
cardamom,1
vanilla,1
star anise,1
turmeric,1
cinnamon sugar,0
cinnamon syrup,0
almond cookies,0
sugar mixture,0
cipolline onions,0
cipollini onions,0
cippoline onions,0
citrus juice,0
citrus oil,1
citrus peel,1
clam broth,1
clam juice,1
lemon extract,1
lime zest,1
grapefruit peel,1
oyster sauce,0
lobster bisque,0
clams,1
littleneck clams,1
manila clams,1
seaweed salad,0
clementine juice,0
clementine orange,0
clementines citrus,0
clementines segments,0
clementines slices,0
clementine zest,1
clementine sorbet,0
clementine marmalade,0
clementine vinegar,1
clementine peel,1
clove garlic,1
clover honey,0
cloves garlic,0
cloves,1
clove powder,1
clover,0
cloves minced,1
cloves ground,1
clove oil,1
club soda,1
rosemary,1
coarse kasha,0
coarse polenta,0
coarse semolina,0
coarsegrind cornmeal,0
coarsegrind polenta,0
coarse salt,1
crushed almonds,1
shredded coconut,0
ground flaxseed,1
sliced zucchini,1
chopped kale,1
jalapenos,1
cockles,1
nuts,0
americano cheese,1
cocktail nuts,0
cocktail onions,0
cocktail olives,1
cocktail peanuts,0
cocoa droste,0
coconut butter,0
cocoa syrup,0
coconut sugar,0
coconut chips,0
coconut crystals,0
coconut extract,1
coconut flesh,0
coconut water,0
coconut meat,1
coconut nectar,0
oats,0
coconut vinegar,1
coconut shavings,1
coconut milk powder,0
cod fillet,1
cod fillets,1
coffee beans,1
coffee concentrate,1
coffee crystals,1
espresso,1
coffee essence,1
coffee,1
coffee granules,1
coffee powder,1
tea,1
spice grinder,0
lard,1
candy,0
coleslaw mix,0
collagen powder,1
iceberg lettuce,1
collard green,1
purple potatoes,0
rainbow chard,1
black radishes,1
white asparagus,1
honeycrisp apples,0
italian seasonings,1
comice pear,0
saffron threads,1
comice pears,0
comte cheese,1
emmentaler cheese,1
concord grapes,0
confectioners sugar,0
mascarpone,1
cookie butter,0
cookie crumbs,0
cooking apples,0
carob powder,0
cooking onions,0
cooking spray,1
cooking wine,0
coppa prosciutto,1
coriander cumin,1
coriander fennel,1
coriander seeds,1
coriander leaves,1
corkscrew pasta,0
fennel seeds,1
fennel bulb,0
fennel fronds,1
garlic mortar,0
garlic cloves,1
ginger root,1
corn bread,0
corn chips,0
corn cob,0
corn flakes,0
corn flans,0
cornmeal,0
cornstarch,0
corn oil,1
corn syrup,0
corn tortillas,0
corn flour,0
corn grits,0
corn husks,1
corn kernels,0
corn nuts,0
corn powder,0
corn relish,0
corn salsa,0
cornflour,0
corn starch,0
corn on the cob,0
corn puree,0
corncob kernels,0
cornflake crumbs,0
cornichons,1
pickled onions,1
corn tortilla strips,0
cornmeal flour,0
cornmeal polenta,0
cotija cheese,1
feta cheese,1
cottage cheese,0
cashew cheese,0
country bread,0
country ham,1
country mustard,1
spareribs,1
sausage,1
crab butter,1
crabmeat,1
cracker crumbs,0
cracker meal,0
bread crackers,0
toast crackers,0
sage,1
cranberry juice,0
pepper,1
crawfish tails,1
cranraspberry juice,0
cream almonds,0
almond cream,0
cream coconut,0
cream corn,0
cashew,0
hemp seeds,1
horseradish,1
ice cream,0
egg whites,1
soy cream,0
whipped cream,1
sauce,0
sherry,0
soda,0
cream cheese alternative,0
whipped cream alternative,0
cream of tartar,1
topping,0
cream of mushroom soup,0
cream-style corn,0
wheat,0
whipping cream,1
cream of coconut,0
creamy feta,1
creamy polenta,0
crema,1
creamy hummus,0
creamy avocado,1
creamy coconut milk,1
creamy almond butter,1
creamy tahini,1
creme anglaise,0
banana puree,0
blackcurrant puree,0
heavy cream,1
creme de marrons,0
creme fraiche,1
creme patissiere,0
vanilla custard,0
creme de menthe,0
creme de cacao,0
cremini mushrooms,1
creme caramel,0
creole mustard,1
creole seasoning,1
crisco shortening,1
creole sauce,0
orange liqueur,0
cajun spice mix,1
cajun butter,1
cajun hot sauce,1
cajun rice,0
cajun aioli,1
crispbread,0
crispy pita,0
crispy tortilla,0
crumb cake,0
crispy tofu,0
crispy kale chips,1
crispy coconut flakes,1
crispy chickpeas,0
crispy seaweed snacks,1
blueberry sauce,0
gluten-free bread,0
crusty baguette,0
crusty bread,0
toasted almond flakes,1
spiced pumpkin puree,0
roasted garlic hummus,0
smoked paprika aioli,1
pickled jalapeno slices,1
crusty rolls,0
hot sauce,1
cubanelle pepper,1
cubanelle peppers,1
zucchini ribbons,1
radish slices,1
matcha,1
cumin powder,1
pine nuts,1
espagnole sauce,0
turkey stock,1
curly kale,1
curly parsley,1
currant jelly,0
currants,0
brine,1
curry paste,0
curry powder,1
custard powder,0
custard sauce,0
chicken,1
slices,0
thirds,0
chopped parsley,1
sliced almonds,1
minced garlic,1
diced avocado,1
vegetables,0
amaro,0
daikon radishes,1
daikon slices,1
daikon sprouts,1
damson plum,0
dandelion greens,1
dried dulse,1
dried shiitake mushrooms,1
duck fat,1
date syrup,0
dark honey,0
worcestershire sauce,0
kombu,1
dashi powder,1
dashi kombu,1
vegetable stock,0
broth,1
seasoning,1
fish flakes,1
miso paste,1
sake,0
date paste,0
date relish,0
tahini paste,1
croissants,0
chile de arbol,1
aged cheddar cheese,1
tomatillo,1
deglet noor dates,0
deli ham,1
deli turkey,1
dulse flakes,1
durian fruit,0
delicata squash,0
delicata squashes,0
demerara sugar,0
demerara syrup,0
demibaguette slices,0
duck eggs,1
devon cream,1
crystal sugar,0
dijon dressing,0
dijon mustard,1
dill fronds,1
dill parsley,1
dill pickle,1
mustard seeds,1
dill oil,1
dill vinegar,1
dill salt,1
dill flakes,1
dill pickles,1
dill potatoes,0
dill relish,0
dill tarragon,1
relish,0
dill weed,1
dillcucumber sauce,0
ditalini pasta,0
dipping sauce,0
dolin vermouth,0
dorade fillets,1
mussels,1
dough,0
piecrust,0
honey,0
tabasco sauce,1
dubonnet rouge,0
sprigs thyme,1
pinch saffron,1
splash balsamic vinegar,0
teaspoon miso paste,0
tablespoon honey,0
duck breast,1
duck breasts,1
duck confit,1
duck egg,1
duck leg,1
duck legs,1
duck thigh,1
dukkah sesame,0
dill,1
dungeness crabs,1
mesclun,1
corn,0
dumplings,0
ear corn,0
ears corn,0
earth balance spread,0
echinacea tea,1
edam cheese,1
edible ink,1
eggplant,1
elderflower,0
enoki mushrooms,1
epazote,1
egg bread,0
egg cream,0
egg fettuccine,0
egg foam,1
free-range egg,1
egg froth,1
egg glaze,1
egg timer,0
egg noodles,0
egg pasta,0
egg substitute,0
egg white powder,1
eggshell calcium,1
egg yolk powder,1
eggplant noodles,1
eggplant pasta,1
egg yolk,1
egg yolks,1
eggplant slices,1
eggs freerange,1
eggplants slices,1
eggs egg,1
yolks,1
elbow pasta,0
elderflower cordial,0
elderflower liqueur,0
elderflower presse,0
empanada dough,0
enchilada sauce,0
escarole,1
edamame,0
english cucumber,1
english mustard,1
gelatin,1
yeast,1
epazote leaves,1
escargots burgundy,1
frisee,1
paprika,1
espelette pepper,1
shiitake mushrooms,1
espresso beans,1
espresso coffee,1
european butter,1
europeanstyle butter,1
exotic mushrooms,1
elderflower syrup,0
edamame beans,0
farfalle pasta,0
steak,1
eye steaks,1
mushroom broth,1
farinha mandioca,0
farm egg,1
farm eggs,1
farmer cheese,1
herbed cheese,1
farro berries,0
farro rice,0
farro spaghetti,0
fatfree beans,0
fatfree cheddar,0
fatfree cream,0
fatfree mayonnaise,0
fatfree milk,0
fatfree ricotta,0
fatfree yogurt,0
fatfree sour cream,0
fatfree cottage cheese,0
fatfree butter,0
fatfree cream cheese,0
fava beans,0
fennel slices,0
chicken feet,1
fennel,0
caraway,1
adjustable-blade slicer,0
fennel powder,1
fennel oil,1
fennel stalks,0
fennel leaves,1
fennel root,0
fennel juice,0
fennel rings,0
fennel squares,0
fennel wisps,0
fenugreek seeds,1
fenugreek leaves,1
cumin seeds,1
feta cubes,1
feta milk,0
feta oregano,1
almond feta,1
feta seasoning,1
feta oil,1
feta tofu,1
feta flakes,1
fettuccine,0
linguine,0
fiddlehead fern,1
field mushrooms,1
fig jam,0
risotto rice,0
fig spread,0
fig paste,0
fig preserves,0
figs calimyrna,0
figs half,0
figs mission,0
figs black,0
figs dried,0
figs fresh,0
figs organic,0
figs turkish,0
file powder,1
filets anchovies,1
fillet steak,1
farro,0
fiddlehead ferns,1
sea bass,1
white fish,1
mahimahi,1
fillets salmon,1
fine chocolate,0
fillets patted,1
fresh basil,1
mango puree,0
fillets tuna,1
fine cornmeal,0
finegrind cornmeal,0
finger bananas,0
finnan haddie,1
fino sherry,0
fiorentini pasta,0
firm bread,0
grapes,0
firm ricotta,0
firmripe avocado,1
avocadoes,1
firmripe avocados,1
peaches,0
plantains,0
kiwi,0
firmripe bananas,0
figs,0
kiwifruit,0
firmripe mango,0
mangoes,0
firmripe peaches,0
papayas,0
pineapples,0
persimmons,0
nectarines,0
firmtart apples,0
fish bones,1
fish cake,0
seaweed noodles,1
fish filets,1
fish sauce,1
fish stock,1
peppercorn blend,1
fivespice powder,1
fermented black beans,0
flageolet beans,0
flank steak,1
flat parsley,1
flatbread,0
flap steaks,1
flounder fillet,1
flatbread crackers,0
flatbread naan,0
flatbread wraps,0
flatiron steak,1
flatiron steaks,1
flatleaf parsley,1
flax seeds,1
flax meal,1
flatleafed parsley,1
fruit jam,0
flaxseeds,1
fleur de sel,1
flaxseed,1
flaxseed oil,1
flaked almonds,1
flounder fillets,1
flounder fish,1
tapioca flour,0
oat flour,0
pastry flour,0
pizza dough,0
gnocchi,0
flaxseed flour,1
spice mix,1
rice flour,0
semolina flour,0
baking parchment,1
wheat protein,1
ramekins,1
quinoa flour,0
flour tortilla,0
flour tortillas,0
wheat flour,0
fontina cheese,1
gruyere cheese,1
foie gras,1
food coloring,1
forelle pears,0
fig vinegar,0
fire-roasted tomatoes,0
free-range chicken,1
free-range eggs,1
french baguette,0
fresno chile,1
fresno chiles,1
jalapeno rings,1
adjustable blade slicer,0
fried okra,0
toasted quinoa,0
baked kale chips,1
roasted cauliflower rice,1
grilled portobello mushrooms,1
sauteed zucchini noodles,1
apple salad,0
fromage blanc,1
fruit chutney,0
fruit coulis,0
fruit,0
fennel frond,1
fruit mint,1
fruit pectin,0
fruit salad,0
fruit extract,1
fruit puree,0
fruit syrup,0
fruit powder,0
fruit chunks,0
fruit essence,1
red peppers,1
frying pepper,1
frying peppers,1
chocolate ripple,0
grape juice,0
fudge sauce,0
fuji apple,0
fuji apples,0
fullfat cream,1
fullfat milk,0
fullfat yogurt,0
furikake nori,1
gaeta olives,1
gai lan,1
gala apple,0
gala apples,0
galangal ginger,1
galette dough,0
game hen,1
game hens,1
gochujang,0
guanciale,1
grits,0
garbanzo flour,0
soy protein,1
golden flaxseed meal,1
guava paste,0
grapeseed oil,1
green curry paste,1
garlic chives,1
garlic clove,1
garlic bread,0
garlic croutons,0
garlic aioli,0
roasted garlic,1
garlic scape,1
garlic bulbs,1
garlic granules,1
garlic head,0
garlic oil,1
garlic paste,0
garlic salt,1
garlic flakes,1
garlic sausage,0
garlic scapes,1
pickled garlic,0
garnet yams,0
thyme leaves,1
sweet potatoes,0
gem lettuce,1
gem lettuces,1
gemelli pasta,0
guava,0
galangal,1
genoa salami,1
gianduja,0
giardiniera,0
giblets,1
gouda cheese,1
gigante beans,0
pasta,0
ginkgo nuts,0
ginger syrup,0
ginseng root,1
gingerbread,0
ginger ale,0
ginger beer,0
ginger coins,1
ginger cut,1
ginger garlic,1
ginger,1
ginger powder,1
ginger paste,1
ginger oil,1
ginger tea,1
ginger juice,1
ginger lemon,0
ginger slices,1
ginger extract,1
gingersnap cookies,0
gingersnap crust,0
grape tomatoes,1
glaceed cherries,0
glaceed fruits,0
globe artichokes,1
globe eggplant,1
pickled ginger,0
globe eggplants,1
globe tomato,1
glucose syrup,0
glutenfree flour,0
green lentils,0
grape seed oil,1
glutenfree oats,0
polenta,0
goat cheese,1
goat shoulder,1
goats feta,1
golden syrup,0
golden beet,0
golden flaxseed,1
golden raisins,0
gold tequila,1
golden apple,0
golden quinoa,0
golden turmeric,1
golden walnuts,1
golden mustard,1
golden tequila,1
madeira wine,0
citron,0
goose legs,1
goose liver,1
goose fat,1
gooseberries,0
goose eggs,1
gorgonzola cheese,1
gorgonzola dolce,1
graham cracker,0
graham crackers,0
green tea leaves,1
grahamcracker crumbs,0
bulgur,0
buns,0
cereal,0
barley,0
quinoa,0
couscous,0
spelt,0
muffins,0
grain mustard,1
grain pasta,0
grain vinegar,1
grain toast,0
grain tortillas,0
grains nutmeg,1
grains pods,0
grainy mustard,1
grain syrup,0
grain oil,1
gram beans,0
gram flour,0
cure,0
cheese,1
cod,1
gribenes,1
olives,1
schmaltz,1
walnut,1
grana padano,1
granny smith,0
grape jelly,0
grape oil,1
grape clusters,0
grape powder,0
grape vinegar,1
grape extract,0
grape seed flour,1
grape skin flakes,0
grape syrup,0
grapefruit juice,0
grapefruit zest,1
grapefruit segments,0
grapefruit pith,1
grapefruit extract,1
grapefruit sorbet,0
grapefruit rind,1
grapefruit supremes,0
grapefruit twist,1
tangerine segments,0
grapefruit wheel,0
grapefruit wheels,0
grapes clusters,0
grapes half,0
grapes strawberries,0
kiwi slices,0
watermelon balls,0
blueberry clusters,0
blackberry halves,1
grassfed beef,1
grated pepper,1
greek feta,1
greek olives,1
greek oregano,1
greek yoghurt,0
greek yogurt,0
green apple,0
green asparagus,1
green bananas,0
green olives,1
green peas,0
green onions,1
green cabbage,1
green celery,1
green chile,1
green chiles,1
green bell pepper,1
green chilli,1
green garlic,1
green grapes,0
green jalapeno,1
green apples,0
green jalapenos,1
green lettuce,1
green mango,0
green pepper,1
green peppercorns,1
green papaya,0
green chilies,1
green plantains,0
green pumpkin,1
green radish,1
green serrano,1
green shiso,1
greens arugula,1
greens beets,0
greens garlic,1
greens microgreens,1
purple cabbage,1
yellow squash,1
orange bell pepper,0
grenadine syrup,0
matcha powder,1
stevia extract,1
ground pepper,1
ground black pepper,1
grissini breadsticks,0
gribenes chicken,1
grilled tofu,1
guajillo chiles,1
guacamole dip,1
guacamole avocado,1
guacamole salsa,0
guajillo powder,1
guanciale bacon,1
guanciale slices,1
guanciale pancetta,1
guajillo peppers,1
guanciale prosciutto,1
guajillo flakes,1
guanciale lard,1
guajillo paste,0
guanciale sausage,1
guascas herb,1
guava juice,0
guava nectar,0
guava puree,0
tamarind paste,0
mango nectar,0
passion fruit puree,0
lemongrass paste,1
dragon fruit puree,0
guavachile butter,0
guindilla peppers,1
guinness ale,0
guinness mustard,1
guinness stout,0
habanero chile,1
habanero chiles,1
habanero pepper,1
hachiya persimmons,0
haddock fillets,1
onion,0
egg,1
halibut fillet,1
halfandhalf cream,0
halfandhalf milk,0
halibut steak,1
halloumi cheese,1
halloumi fingers,1
haloumi cheese,1
ham hocks,1
prosciutto,1
ham shank,1
ham slices,1
ham steak,1
hamburger buns,0
hanger steak,1
haricots verts,1
hazelnut butter,1
honeydew melon,0
hijiki seaweed,1
hickory smoked salt,1
harissa paste,0
harissa sauce,0
hash browns,0
hass avocado,1
hass avocados,1
horseradish sauce,0
hibiscus tea,1
hatch chiles,1
havarti cheese,1
hazelnut brittle,0
hazelnut flour,1
hibiscus flowers,0
huckleberries,0
hazelnut gelato,0
hazelnut mole,0
hazelnut oil,1
hazelnut milk,0
hazelnut extract,1
broccoflower,1
head broccoli,1
head cabbage,1
head lettuce,1
head radicchio,1
head bok choy,1
head kale,1
head frisee,1
head garlic,0
head cheese,0
quartered artichoke,0
head fennel,0
head romaine,1
head treviso,1
head-on prawns,1
head-on shrimp,1
head cauliflower,1
heads of broccoli,1
heads of cabbage,1
heads of cauliflower,1
heads of garlic,1
heads of lettuce,1
heads spinach,1
heads zucchini,1
heads endive,1
heads escarole,1
heads frisee,1
heads lettuce,1
heads radicchio,1
heads bok choy,1
heads kale,1
heads fennel,1
heads leek,0
heads greens,1
heads cabbage,1
lettuce hearts,1
lettuce leaves,1
rare radicchio,1
lettuce heads,1
lettuce halves,1
radicchio heads,1
heads romaine,1
heads treviso,1
heads tomatillo,1
heath bar chocolate,0
heavyduty cheesecloth,0
hickory smoke powder,1
honey substitute,1
hefeweizen beer,0
heirloom carrots,0
heirloom bananas,0
heavyduty mixer,0
heavyduty sealable,0
horseradish root,1
heirloom beans,0
heirloom cucumbers,1
heirloom potatoes,0
heirloom tomato,1
heirloom tomatoes,1
hen broth,1
herb blend,1
hen eggs,1
herbs,1
brushed herbs,1
herb dumplings,0
herb flatbreads,0
herb gnocchi,0
herb pesto,1
herb pistou,1
herb-infused olive oil,1
herb-crusted tofu,0
herb-marinated tempeh,0
herb-roasted vegetables,0
herb-infused vinegar,1
herb salt,1
herbed chevre,1
herbed nuts,1
herbs basil,1
herbs chile,1
herbed tofu,0
herbed quinoa,0
herbed tempeh,0
herbs oregano,1
herbs thyme,1
herbs parsley,1
heritage pork,1
hibiscus pods,0
hibiscus sauce,0
grass-fed beef,1
seaweed snacks,1
chocolate,0
blender,0
himalayan salt,1
hoagie rolls,0
hoisin sauce,0
hokusetsu sake,0
hog casings,1
guacamole,1
honey mustard dressing,0
holland chiles,1
hollandaise sauce,0
homemade pappardelle,0
honey butter,0
grater,0
honey mustard,0
hot paprika,1
hickory smoke,1
honey lavender,0
molasses,0
honey silan,0
honey syrup,0
honey yogurt,0
silan,0
syrup,0
honeycomb tripe,1
vanilla dough,0
horseradish juice,1
vanilla bean paste,0
dandelion honey,0
wasabi paste,1
hot chile,1
pimenton,1
hothouse cucumber,1
pumpkin pesto,0
yogurt sauce,0
hot pimenton,1
hothouse cucumbers,1
huitlacoche,1
hulled sesame,1
hummus,0
lemon hummus,0
ice,1
ice pop,0
frozen yogurt,0
coconut milk ice cream,0
fruit sorbet,0
chia seed pudding,0
almond flour crackers,0
ice wine,0
iced tea,0
ice cubes,1
ichimi togarashi,1
vanilla icing,0
idaho potato,0
popsicle molds,1
irish moss,1
italian parsley,1
isomalt,0
ivory lentils,0
idaho potatoes,0
imitation mustard,1
indian chutney,0
indian rice,0
instant miso soup,1
italian sausage,1
irish cream liqueur,0
israeli couscous,0
iced tea mix,0
italian dressing,1
ink linguini,0
instant grits,0
instant espresso powder,1
italian herbs,1
intense vanilla extract,1
infused olive oil,1
island spice blend,1
iced matcha powder,0
iron-rich spinach,1
ipswich clams,1
irish stout,0
iru powder,1
island dressing,0
irish whiskey,1
indian curry paste,1
inca berries,0
italian fontina,1
jack cheese,1
jalapeño chile,1
jalapeno chile,1
jalapeno chiles,1
jalapeno chili,1
jalapeno chilies,1
fresno pepper,1
serrano chile,1
poblano chile,1
jalapeno peppers,1
jalapeno powder,1
jalapeno salt,1
ghost pepper,1
jalapeno slices,1
pickling brine,0
anaheim pepper,1
guajillo pepper,1
jalapenos slices,1
jalapenos diced,1
jalapenos paste,1
jalapenos powder,1
jalapenos flakes,1
jalapeo chiles,1
jam,0
jam marmalade,0
jamon serrano,1
japanese eggplant,1
japanese rice,0
jarlsberg cheese,1
jicama,1
jaggery,0
jicama noodles,1
juniper berries,1
japanese sweet potato,0
jarred chestnuts,0
jarred salsa,1
jarred olives,1
canned lentils,0
pickled okra,1
bottled capers,1
canned bamboo shoots,1
pickled jalapenos,1
roasted peppers,1
jasmine extract,1
jasmine essence,1
jackfruit seeds,0
jaggery powder,0
jasmine tea,1
jerk marinade,0
jerk paste,0
jerk seasoning,1
jerusalem artichokes,0
jordan almonds,0
lime extract,1
lemon juice concentrate,0
lime juice concentrate,0
juice limes,1
juice orange,0
juice oranges,0
pomegranate seeds,0
juice grapefruit,0
juice pineapple,0
juice cranberry,0
juice pomegranate,0
junmai sake,0
apple compote,0
cut squash,0
kabocha squash,1
yellow plantains,0
kadota figs,0
kaffir lime,1
kahlua liqueur,0
kiwi fruit,0
kombucha,0
kaiware sprouts,1
kalamata olives,1
kelp flakes,1
kohlrabi,0
kale leaves,1
kale stems,1
beet roots,0
pumpkin seeds,1
kamut berries,0
kamut,0
kashmiri chili powder,1
kasoori methi,1
katsuobushi,1
kimchi paste,0
kombucha tea,0
kaffir lime leaves,1
kefalotyri cheese,1
kent pumpkin,0
kentucky bourbon,0
ketchup mustard,0
kiwi salsa,0
kimchi slaw,1
kielbasa sausage,1
kielbasa slices,1
kimchi juice,1
kiwi berries,0
kamut flour,0
kimchi juices,1
kimchi liquid,1
king salmon,1
kirby cucumber,1
gochujang paste,0
kirby cucumbers,1
torch ginger,1
twine cheese,1
kiwi fruits,0
knafe dough,0
kiwifruits,0
konbu,1
kosher salt,1
knackwurst,1
cutlet,0
malt,0
kosher gelatin,1
kumquats slices,0
kumquats,0
kuro mame,0
labne yogurt,0
lacinato kale,1
lady apple,0
lady apples,0
lamb backstraps,1
lamb chop,1
lamb fat,1
lamb leg,1
lamb meat,1
lamb racks,1
lamb shanks,1
lamb shoulder,1
lamb tenderloin,1
lard butter,1
lard oil,1
lard shortening,1
lasagna noodles,0
lasagna pasta,0
lasagna sheets,0
lasagne noodles,0
lava salt,1
lavash bread,0
lavash flatbread,0
lotus root,0
lemon grass,1
lupini beans,1
lentil flour,0
lavender blossoms,1
lavender crystals,0
lavender honey,0
greens,1
leek juice,0
leek parts,0
leek rings,0
leek slices,0
leek water,0
leek powder,1
leek flakes,1
leek essence,1
leek extract,1
leek seasoning,1
leeks green,0
leeks greens,0
leeks lengths,0
leeks onion,0
leeks outer,0
leeks bulbs,0
leeks stalks,0
leeks tips,0
leeks roots,0
leeks shoots,0
leeks parts,0
leeks slices,0
leeks split,0
leeks whites,0
lemon balm,1
leeks stems,0
risotto,0
starter,0
soup,0
stuffing,0
leg lamb,1
leg pork,1
lemon aioli,0
lemon bitters,0
lemon cilantro,1
lemon cream,0
lemon pepper,1
lemon thyme,1
lemon vinegar,1
lemon garlic,1
lemon curd,0
lemon flesh,1
lemon oil,1
lemon sorbet,0
lemon verbena,1
lemon jus,1
lemon lime,1
lemon marmalade,0
meyer lemon,0
lemon mint,1
lemon orange,0
lime mint,1
lime marmalade,0
meyer lime,0
lime orange,0
lemon parsley,1
lemon peel,1
lemon rind,1
lemon slices,0
lemon pepper seasoning,1
zabaglione,0
lemongrass extract,1
lemongrass powder,1
lemongrass oil,1
lemons,0
limes,0
lemons slices,0
lentils sprouted,0
lemons zest,1
lentils red,0
lettuce romaine,1
lemons juice,0
tomato,1
carrot,0
radish,1
light,0
lightbrown sugar,0
lightcolored honey,0
lillet blanc,0
lime chiles,1
lime cream,0
lime curd,0
lime leaves,1
lime sorbet,0
lime vinegar,1
lime peel,1
lime pickle,0
lime powder,1
lime sauce,0
shrimp,1
lime slices,1
sriracha,0
lime syrup,0
lime twist,1
lime vinaigrette,0
limeade concentrate,0
orange,0
orangeade concentrate,0
saffron syrup,0
chile,1
limoncello liqueur,0
grand marnier,0
lingcod fillets,1
leek sprouts,1
lingonberry sauce,0
chorizo,1
sausages,0
lentil pasta,0
kahlua,0
pama,0
liquid pectin,0
lobster meat,1
lobster tails,1
lobster claws,1
liver,1
loaves bread,0
lollo lettuce,1
london broil,1
long baguette,0
lentil sprouts,0
long carrot,0
long parsley,1
longgrain rice,0
lotus slices,0
long beans,1
long pepper,1
long pasta,0
longan fruit,0
lovage celery,1
lowfat buttermilk,0
lowfat cheddar,1
lowfat cream,1
lowfat fontina,1
lowfat mayonnaise,1
lowfat milk,0
lowfat romano,1
lowfat yogurt,0
lowmoisture mozzarella,1
lowfat cream cheese,1
lowfat sour cream,0
lowfat cottage cheese,0
lowfat ricotta,0
ricotta,0
tamari,1
lowsodium beans,0
lowsodium ricotta,0
lowsodium tamari,1
luganega sausage,1
lump crabmeat,1
lumpia wrappers,0
luxardo cherry,0
lychees,0
lavender buds,1
mache arugula,1
mache rosettes,1
macintosh apples,0
mackerel fillets,1
mung bean sprouts,1
mustard greens,1
mahi fillet,1
mahimahi fillet,1
mahlab,1
maida flour,0
makrut lime,1
maldon salt,1
marzipan,0
mulberries,0
malt powder,0
malt vinegar,1
scotch bonnet peppers,1
malt extract,0
malted barley flour,0
malted milk powder,0
maltitol,0
maltodextrin,0
manchego cheese,1
mandarin oranges,0
mango chutney,0
amba,0
manchego,1
mango sorbet,0
mango lassi,0
elixir,0
firm-ripe mango,0
mango flesh,0
mango fruit,0
mango juice,0
mango powder,0
mango slices,0
mango syrup,0
mango chunks,0
mango vinegar,1
mango extract,1
manicotti noodles,0
manioc flour,0
mango sauce,0
manuka honey,0
manzanilla olives,1
maple butter,0
maple extract,1
maple glaze,0
maple sugar,0
cranberry compote,0
maple glazed salmon,0
maple mustard dressing,0
maple smoked bacon,0
maple roasted carrots,0
maras pepper,1
maraschino cherries,0
maraschino cherry,0
maraschino syrup,0
marinara sauce,0
marinated artichoke,0
marionberry jam,0
marinated tofu,0
marjoram,1
marshmallow fluff,0
marmalade,0
saffron,1
chive,1
marrow bones,1
macadamia oil,1
marsala wine,0
mascarpone cheese,1
marshmallow creme,0
marshmallow,0
marshmallow sauce,0
mung beans,0
marshmallow spread,0
masa harina,0
masarepa cornmeal,0
maitake mushrooms,1
masoor dal,0
millet flour,0
mature spinach,1
matzah meal,0
matzo crackers,0
matzo farfel,0
matzo meal,0
matzoh meal,0
maytag cheese,1
meat glaze,1
ground beef,1
meat stock,1
keto cheese,1
turkey meat,1
meatballs,0
meatloaf mix,0
beef membranes,1
meaty mushrooms,1
roma tomatoes,0
mediterranean apricots,0
smoky tofu,1
crispy tempeh,1
zesty seitan,1
spicy kimchi,1
mediterranean olives,1
medjool date,0
melon balls,0
szechuan peppercorns,1
wasabi peas,0
melon slices,0
melons half,0
membrillo marmalade,0
merguez sausage,1
meringue cookies,0
miso-glazed tofu,0
merlot wine,0
mesquite meal,0
mesquite seasoning,1
mesquite powder,0
metal tongs,0
mackerel fillet,1
mexican bay leaf,1
mexican chocolate,0
mexican cinnamon,1
mexican cream,1
mexican crema,1
mexican lager,0
mexican oregano,1
mexican chiles,1
mexican cheese,1
mexican vanilla extract,1
mexican hot chocolate,0
mexican chorizo,1
micro potatoes,0
microgreens herbs,1
microgreens mix,1
microwave popcorn,0
midori liqueur,0
medium onion,0
midori melon liqueur,0
mild cheddar,1
microwave-safe bowl,0
mild salsa,0
midnight rice,0
miso tofu,1
milk balls,0
milk beverage,0
milk buttermilk,0
milk cheese,1
cashew milk,0
soy cheese,1
milk chocolate,0
milk powder,0
milk cream,1
oat milk,0
soy milk,0
milk kefir,0
milk mozzarella,1
milk ricotta,0
bechamel sauce,0
part-skim mozzarella,1
lactose,0
chocolate sweets,0
milk yoghurt,0
milk yogurt,0
aperol,0
campari,0
sparkling water,1
xanthan gum,1
psyllium husk,1
vermouth,0
mineral water,1
edible flowers,1
fresh mint,1
mint chiffonade,1
fresh cilantro,1
mint extract,1
mint garnish,1
fresh parsley,1
sesame seeds,1
shredded mint,1
mint sprigs,1
mint syrup,0
mint paste,0
mint powder,1
tender mint,1
fresh thyme,1
miso soup,0
miso,0
mission figs,0
mix cauliflower,1
mixed greens,1
legumes,0
olive tapenade,1
mixed parsley,1
mixed legumes,0
mixed olives,1
mixed herb gremolata,1
mixed olive tapenade,1
mizuna arugula,1
moist currants,0
mixed nuts,1
mizuna,1
toasted hazelnuts,1
monkfish,1
monterey jack,1
montereyjack cheese,1
moong dal,0
molasses honey,0
morcilla chorizo,1
morel mushrooms,1
leeks,0
morels mushrooms,1
moon drop grapes,0
moroccan mint,1
moringa powder,1
muscadine grapes,0
morita chile,1
morita chiles,1
morton salt,1
moscatel vinegar,1
moscato vinegar,1
mozzarella ball,1
mozzarella bite,1
mozzarella burrata,1
strawberry jam,0
mozzarella cheese,1
mozzarella logs,1
mozzarella slices,1
muenster cheese,1
blueberry muffin,0
mulato chiles,1
banana muffins,0
chocolate muffins,0
muffin mix,0
muffin crumbs,0
muscovado sugar,0
mushroom bouillon,1
munster cheese,1
mirin,0
mushrooms bunashimeji,1
mushrooms caps,1
mushrooms chanterelles,1
mushrooms portobello,1
mushrooms enoki,1
mushrooms shiitake,1
mushrooms oyster,1
mushrooms maitake,1
mushrooms cremini,1
mushrooms porcini,1
mushrooms shiitakes,1
tofu crumbles,1
mustard cabbage,1
mustard coarsegrain,1
mustard dijon,0
mustard oil,1
mustard powder,1
mustard sauce,0
myers rum,0
naan bread,0
nam pla,1
napa cabbage,1
napa kimchi,1
nasturtium blossoms,1
nori sheets,1
nettle leaves,1
nigella seeds,1
nopal cactus,1
navel orange,0
navel oranges,0
navel pith,1
navel zest,1
navel juice,0
navel slices,0
navel extract,1
navel powder,0
nduja slices,1
nectar sugar,0
negro chiles,1
natto beans,0
nerigoma tahini,1
neufchatel cheese,1
nicoise olives,1
nori seaweed,1
nigari tofu coagulant,1
niter kibbeh (spiced clarified butter),1
caraway seeds,1
black cumin,1
vanilla wafers,0
nonfat buttermilk,0
nashi pears,0
nonfat cream,0
nonfat milk,0
nonfat yogurt,0
nonpareil capers,1
nonstick spray,1
nonfat cheese,0
nonfat sour cream,0
nonfat mayonnaise,0
nonpareil olives,1
noodles chives,1
noodles linguine,0
noodles soba,0
nopales,1
vegetable oil,1
nori wrappers,1
nuoc cham,0
nut butter,0
graham cracker crust,0
nacho cheese,1
nut milk,1
nutmeg grating,1
nuts almonds,1
oat bran,0
oats flakes,0
oaxaca cheese,1
octopus legs,1
octopus slices,1
octopus tentacles,1
cooking oil,1
sunflower oil,1
frying oil,1
truffle oil,1
walnut oil,1
oil mayonnaise,1
oil onion,0
oil butter,1
oil sesame,1
oil garlic,1
oil almond,1
pancakes,0
peppermint,1
squash,0
sunflower,1
oil vegetable,1
okinawan potatoes,0
okra,1
okra pods,1
oil rosemary,1
okra seeds,1
onion powder,1
olive spread,0
olive mayonnaise,1
olive tuna,1
olive bruschetta,0
olive hummus,0
olive pesto,1
olive vinaigrette,1
olive aioli,0
combination olives,1
olive flesh,1
olives kalamata,1
olives nicoise,1
olives picholine,1
omega eggs,1
quinoa flakes,0
onion bottoms,0
onion cut,0
onion eighths,0
onion flakes,0
onion salt,1
onion half,0
shallot slices,0
leek strips,0
chive rings,1
scallion ribbons,1
onion layers,0
onion puree,0
onion oil,1
onion moons,0
onion slices,0
onion paste,0
onion slivers,0
onion chips,0
onion wheels,0
onions rings,0
onions powder,1
onions flakes,1
onions puree,0
onions pearl,0
onions chips,0
onions oil,1
onions vidalia,0
oolong tea,1
dried apricots,0
orange bitters,1
orange butter,0
orange curacao,0
orange extract,1
orange marmalade,0
orange peel,1
orange sprinkles,0
orange mint,1
orange vinegar,1
orange slices,0
orange sorbet,0
orange sugar,0
tangerine,0
valencia orange,0
orange blossom water,1
tangerine zest,1
orange water,1
ginger puree,1
oranges zest,1
tangelos,0
orange concentrate,0
orecchiette pasta,0
tangelo segments,0
tangerine juice,0
whole wheat orecchiette,0
oregano branch,1
zaatar,1
chardonnay,0
orzo rice,0
osetra caviar,1
lettuce head,1
oyster mushrooms,1
pernod,0
overripe bananas,0
oxtail,1
oyster crackers,0
oyster liquor,1
oyster shells,0
paccheri rigati,0
rigatoni,0
pumpkin puree,0
pumpkin spice,1
pumpkin oil,1
noodles,0
rock salt,1
paella rice,0
palabok noodles,0
yeast packet,1
packet yeast,1
pale frisee,1
palm hearts,1
pale ale,0
pale kale,1
palm oil,1
palm vinegar,1
pancake mix,0
pancetta bacon,1
pancetta fat,1
pancetta ham,1
grapefruit,0
paneer,1
panko breadcrumbs,0
prosciutto slices,1
pancetta slices,1
paneer cubes,1
papaya juice,0
parchment paper,1
pan drippings,1
fortune cookies,0
lollipop sticks,1
cupcake liners,1
muffin cups,0
petit fours,0
waffle cones,0
napkin rings,0
tea bags,1
paper towels,0
pappardelle,0
noodle soup,0
pappardelle pasta,0
parchment rounds,0
parfait,0
croutons,0
parmesan cut,1
parmesan lemon,0
parmesan pecorino,1
parmesan rind,1
parmesan rinds,1
parmesan romano,1
parmesan shaving,1
parmesan wafers,0
parmiggianoreggiano cheese,1
parmigiano cheese,1
parmigiano reggiano,1
parmigianoreggiano cheese,1
parmigianoreggiano grating,1
parmigianoreggiano rind,1
parmigiano reggiano shaving,1
parmigiano reggiano shavings,1
parsley basil,1
parsley celery,1
parsley root,0
nutritional yeast flakes,1
parsley cilantro,1
parsley dill,1
parsley flakes,1
cilantro dill,1
lemon dill,1
mayo,1
parsley sauce,0
parsley scallions,1
parsley steak,1
parsley tarragon,1
parsley leaves,1
parsley thyme,1
parsley watercress,1
parsnip root,0
parsnips coins,0
parsnips halves,0
parsnips,0
parsnips lengths,0
parsnips slices,0
parsnips sticks,0
parts chicken,1
parts onion,0
pasilla chile,1
partskim milk,0
partskim mozzarella,1
pasilla chiles,1
passion fruit,0
passion fruits,0
passionfruit juice,0
pepitas,1
pistachio butter,1
pomegranate molasses,0
plantain flour,0
prickly pear,0
passionfruit nectar,0
pasta cellentani,0
pasta dough,0
pasta gemelli,0
pasta sauce,0
pasta shells,0
pasta spaghetti,0
red curry paste,1
rice noodles,0
almond flour pasta,0
spicy sauce,0
pastry cream,0
buttercream frosting,0
pastry crust,0
pastry dough,0
homemade pastry,0
plain flour,0
pastry sheets,0
pate,1
pattypan squashes,1
star fruit,0
cheese wheel,1
puff pastry,0
butter puff pastry,0
pea crisps,0
pea sprouts,1
peach brandy,0
pea protein powder,1
pea flour,0
pea pesto,0
pea milk,0
peach puree,0
peach chutney,0
peach jam,0
peach liqueur,0
peach mustard,0
peach nectar,0
peach vinegar,1
peach salsa,0
peach glaze,0
peach syrup,0
peach preserves,0
peach relish,0
canned peaches,0
freestone peaches,0
peach schnapps,0
peach extract,1
peach sorbet,0
peach fuzz,1
peach halves,0
peach juice,0
peach slices,0
peanut oil,1
peanut sauce,0
peanut,1
peanut powder,1
peanut shells,1
sesame sauce,0
peanut flour,1
peanut milk,0
pear halves,0
pear juice,0
pear nectar,0
pearl barley,0
pear extract,1
pear puree,0
pear vinegar,1
pear liqueur,0
pear chips,0
pearl tapioca,0
pear slices,0
pear chunks,0
potato salad,0
pear salad,0
pears slices,0
peas pods,0
rye bread,0
peas shoots,1
peas puree,0
peas sprouts,1
peas flour,0
pecan meats,1
pecan halves,1
pecans nuts,1
pecan slices,1
pecan flour,1
pecan butter,1
pecan oil,1
pecorino cheese,1
pecorino romano,1
pecorino toscano,1
peekytoe crabmeat,1
clementines,0
bergamot,0
mandarin,0
kumquat,0
tangelo peel,1
tangelo zest,1
grated lemon zest,1
peking duck,1
penne rigate,0
penne fusilli,0
whole grain penne,0
lemon peels,1
penne ziti,0
pennette pasta,0
peperoncino flakes,1
peperoncino pepper,1
calabrian chili flakes,1
calabrian chili pepper,1
peppadew pepper,0
peppadew peppers,0
pepper flakes,1
pepper jelly,0
peppercorns,1
cayenne powder,1
coriander powder,1
sumac spice,1
peppermint candies,0
peppermint candy,0
peppermint extract,1
pepperoncini peppers,1
bell peppers,0
pepper juice,0
paprika flakes,1
piquillo peppers,0
banana peppers,1
green peppers,0
peppers water,1
peppers sliced,1
peppers diced,1
peppers minced,1
peppers roasted,1
peppers stuffed,0
bison,1
bucatini,0
perigord truffles,1
liquor,1
ouzo,1
persian cucumber,1
persian cucumbers,1
persimmon pulp,0
persian saffron,1
rosewater,1
saffron rice,0
persimmon puree,0
evaporated milk,0
rose petals,1
peppered tofu,1
puffed quinoa,0
phyllo dough,0
phyllo sheets,0
rockfish,1
pickle brine,1
pickle chips,0
pickle juice,1
pickle relish,0
pickle slices,0
pickles brine,1
pickles dill,1
pico de gallo,1
pie crust,0
pie crusts,0
pie dough,0
pie spice,1
pike fillet,1
pie shell,0
pie filling,0
pie topping,0
pike steak,1
pike soup,0
pillsbury flour,0
piloncillo cones,0
piloncillo sugar,0
pilpelchuma harissa,0
pilsner beer,0
pimento peppers,1
pimenton dulce,1
pimientostuffed olives,1
pinches cayenne,1
pineapple center,0
pineapple juice,0
pineapple juices,0
pineapple mango,0
pineapple mint,1
pineapple rings,0
pineapple slices,0
cucumber slices,1
pinhead oats,0
pineapple soda,0
pineapple triangles,0
pink himalayan salt,1
plant-based milk,0
pippin apples,0
piquin pepper,1
papaya,0
piripiri sauce,1
pistachio kernels,0
pistachio nuts,0
pistachio oil,1
pistachio paste,0
walnut butter,1
walnut shell,0
almond topping,0
pita bread,0
pita chips,0
pita crackers,0
pita flatbread,0
whole wheat pita,0
gluten-free pita,0
pita crisps,0
mini pita,0
pita pockets,0
pita loaves,0
whole wheat flour,0
pizza crust,0
pizza sauce,0
plantain chips,0
banana half,0
plum sauce,0
plum tomato,1
plum tomatoes,1
plum vinegar,1
plums half,0
plum jam,0
plum extract,1
plum juice,0
plum puree,0
pluots,0
plum,0
plum syrup,0
plums slices,0
pluot plum,0
poblano chiles,1
poblano chilies,1
poblano garlic,1
poblano peppers,1
sugar snap peas,0
pear,0
portobello mushroom,1
parsnip,0
pole beans,1
polenta cornmeal,0
pollock fillet,1
pomegranate,0
pomegranate concentrate,0
pomegranate juice,0
pomi tomatoes,1
pommery mustard,1
ponzu sauce,0
porcini mushrooms,1
paprika powder,1
poppy seeds,1
protein powder,0
porcini powder,1
porcini slices,1
pork,1
pork butt,1
pork chop,1
pork confit,1
pork cracklings,1
pork cutlets,1
pork fat,1
pork fillets,1
pork lard,1
pork liver,1
pork loin,1
pork roast,1
pork sausage,1
turkey bacon,1
pork sausages,1
pork shank,1
pork shoulder,1
pork spareribs,1
pork tasso,1
port wine reduction,0
portabella mushrooms,1
porter beer,0
pork tenderloins,1
potato starch,0
pea protein,1
porterhouse steak,1
potato bread,0
shiitake mushroom,1
potato chips,0
potato wedges,0
potato flakes,0
potato flour,0
potato masher,1
sweet potato slices,0
purple potato mash,0
potato noodles,0
potato skins,0
potato gnocchi,0
potato peels,0
potato planks,0
sweet potato fries,0
potato soup,0
potato rolls,0
potato gratin,0
potato pearls,0
potato crisps,0
potatoes slices,0
potatoes turnips,1
potatoes waxy,0
potatoes half,0
potatoes onions,0
potatoes flour,0
potatoes chips,0
potatoes pearls,0
potatoes shreds,0
potatoes yams,0
poultry seasoning,1
poultry stock,1
poussins hens,1
powder cumin,1
powder pepper,1
powder seasoning,1
powdered sugar,0
prawn crackers,0
prawns shrimp,1
prawns tails,1
pre-cooked rice,0
pre-cooked lentils,0
pre-cooked polenta,0
pre-cooked zucchini,1
pre-cooked tofu,1
pre-cooked cauliflower,1
pre-cooked tempeh,0
pre-cooked almond flour,1
premium cocoa,1
premium sake,0
premium tequila,1
prepared polenta,0
organic quinoa,0
prime beef,1
processed cheese,1
provolone cheese,1
prosciutto ham,1
prosciutto parma,1
provence thyme,1
provolone cut,1
provolone mozzarella,1
provolone slices,1
prune juice,0
prunes half,0
psyllium husks,1
psylliumhusk powder,1
pudding rice,0
pumpernickel bread,0
pumpernickel croutons,0
pumpkin butter,0
pumpkin pie,0
pumpkin flour,0
pumpkin slices,0
pumpkinpie spice,1
puna yam,0
pureed beets,0
pureed blackberries,0
mini marshmallows,0
puntarelle,1
pureed potato,0
pureed tomatoes,0
purslane,1
purple sweet potatoes,0
purslane lettuce,1
puy lentils,0
quince paste,0
quail eggs,1
quail livers,1
quaker oats,0
half and half,0
quatre epices,1
quorn mince,0
quince vinegar,1
quail meat,1
queso anejo,1
queso asadero,1
queso chihuahua,1
queso feta,1
queso fresco,1
queso manchego,1
queso panela,1
queso cotija,1
queso oaxaca,1
queso de bola,1
queso ranchero,1
quince slices,0
quince,0
quinoa grain,0
quinces,0
quinoa grains,0
rabe rapini,1
rabe,1
baby back ribs,1
racks lamb,1
racks spareribs,1
racks pork,1
racks beef,1
rabe leaves,1
racks chicken,1
raclette cheese,1
radicchio,1
radicchio castelfranco,1
radicchio treviso,1
radishes greens,1
peperoncini,1
rainbow carrots,0
radishes slices,1
rainbow trout,1
dates,0
ramen noodles,0
ramen,0
custard,0
teacups,1
bowls,1
ramen broth,1
ramen vegetables,0
ramen tofu,1
souffle,0
ramp greens,1
ramps,1
ramps greens,1
ramps scallions,1
turnip greens,1
rashers bacon,1
raspberries syrup,0
raspberry buttercream,0
raspberry jam,0
raspberry vinegar,1
raspberry extract,1
raspberry seeds,1
raspberry liqueur,0
raspberry puree,0
raspberry sauce,0
raspberry powder,0
raspberry yogurt,0
raspberry sorbet,0
raspberry syrup,0
razor clams,1
recao cilantro,1
red lentil pasta,0
rosemary-infused olive oil,1
roasted seaweed snacks,1
rum extract,1
rye flour,0
red anjou pears,0
red bell peppers,1
red caviar,1
red cherries,0
red lentils,0
red quinoa,0
red radishes,1
red miso,0
red chile,1
red chiles,1
red chili,1
red chilli,1
red currants,0
yellow chile peppers,1
black chile peppers,1
white chile peppers,1
purple chile peppers,1
red endive,1
red grapes,0
red jalapeno,1
red lettuce,1
red pepper,1
white mushrooms,1
red peppercapsicum,0
red plum,0
red salsa,0
red serrano,1
red bell pepper,0
red onion,0
red pepper paste,0
red hot sauce,1
red chili powder,1
red miso paste,0
red pepper threads,1
tablet,0
rice vinegar,1
rhubarb,1
rhubarb puree,0
rhubarb slices,1
rhubarb syrup,0
rice cakes,0
rice chili,0
rice pudding,0
rice crackers,0
rice fish,1
rice flatbreads,0
barley pearls,0
oat thins,0
wheat rounds,0
corn crisps,0
rice freekeh,0
rice grain,0
rice lentils,0
rice lemon,0
rice milk,0
rice paper,0
rice sushi,0
rice syrup,0
rice vermicelli,0
sushi rice,0
rice water,0
rice wine,0
barley malt syrup,0
ricecrisp cereal,0
ricewine vinegar,1
ricotta almonds,1
ricotta cheese,1
ricotta cream,1
rice bran oil,1
ricotta mascarpone,0
ricotta milk,0
ricotta salata,1
ricotta curds,0
riesling wine,0
ricotta fresca,0
ricotta secca,1
ricotta affumicata,1
ricotta forte,1
rigatoni pasta,0
rind orange,0
rind parmigianoreggiano,1
rings onion,0
ripe apricot,0
roasted almonds,1
radish sprouts,1
roast chicken,1
roast garlic,1
rice yeast,0
rooibos tea,1
roasted tomatillo,1
robiola cheese,1
rock candy,0
rock shrimp,1
rock sugar,0
rockfish fillet,1
rosemary sprigs,1
romanesco cauliflower,1
romanesco broccoli,1
rosemary potatoes,0
romano beans,0
romano cheese,1
roquefort cheese,1
rose extract,1
rose syrup,0
rosebud petals,1
hibiscus extract,1
lavender syrup,0
jasmine water,1
marigold petals,1
rotini pasta,0
rotisserie chicken,1
orange roughy fillets,1
ruby grapefruit,0
pink salt,1
ruby port,0
pink grapefruit,0
red grapefruit,0
ruby fruit,0
runner beans,1
russet apple,0
russet potato,0
russet potatoes,0
rockmelon,0
rutabaga puree,0
rye berries,0
rye whiskey,1
whisky,1
safflower oil,1
rouille,0
saffron water,1
sake sherry,0
sake wine,0
salad greens,1
salad oil,1
salad olives,1
salami genoa,1
salami soppressata,1
salami sopressata,1
salmon caviar,1
salmon cutlet,1
salmon filet,1
salmon gravlax,1
salmon prosciutto,1
salmon roe,1
salmon slices,1
salmon tartare,1
smoked salmon,1
salmon jerky,1
salmon mousse,0
salmon steak,1
salsa fresca,0
sour cream,1
salsa guacamole,1
salsa picante,0
salsa verde,0
chicken saltimbocca,1
salt cod,1
salt pork,1
lemon rim,0
table salt,1
saltine crackers,0
saltines crackers,0
sambal badjak,0
anisette,0
sanding sugar,0
sandwich bread,0
salami casing,1
sandwich lettuce,1
sandwich rolls,0
sansho pepper,1
sansho powder,1
sardines gutted,1
sauerkraut,1
soba noodles,0
sardo cheese,1
amaretti cookies,0
sassafras bark,1
sardines patted,1
sardines fillet,1
water crackers,0
amaretto liqueur,0
herbal tea,1
satsumas clementines,0
chipotle peppers,1
frankfurters,1
orange sauce,0
pesto sauce,1
salsa sauce,0
crushed tomatoes,0
sauerkraut brine,1
teriyaki sauce,0
sausage casing,1
sausage casings,1
sausage coins,1
tofu sausage,0
seitan sausage,0
mushroom sausage,0
cauliflower sausage,1
zucchini sausage,1
sausage lengths,1
sausage links,1
sausage meat,1
vegetarian sausage,0
chicken sausage,1
turkey sausage,1
sausage semicircles,1
sausages meat,0
sausages tasso,0
sauteed tofu,1
sauternes wine,0
savory applesauce,0
savory thyme,1
savory tofu,1
savoy cabbage,1
sage butter,1
sazon seasoning,1
scallion green,1
scallion greens,1
scallion,1
scallion shallot,1
scallion flakes,1
scallion oil,1
scallion vinegar,1
scallion powder,1
scallion paste,1
spring onions,1
yellow onion,0
scallops,0
scotch bonnet,1
scottish salmon,1
sea beans,1
sea roe,1
sea kelp,1
sea lettuce,1
sea cucumber,1
sea grapes,1
sea scallops,1
seafood seasoning,1
seasoning base,1
seasoning blend,1
seckel pears,0
orange segments,0
seedless cucumber,1
seltzer water,1
sunflower sprouts,1
soy chorizo,0
quail,1
semifirm cheese,1
semolina fettuccine,0
whole grain bread,0
semisoft tofu,1
sun-dried tomatoes,0
semisalted butter,1
semolina gnocchi,0
serrano chiles,1
serrano ham,1
tapioca starch,0
serrano peppers,1
sesame buns,0
sesame paste,1
sesame rice,0
sesame butter,1
sesame salt,1
sesame tofu,0
sesame snacks,0
sesame tahini,1
coleslaw,0
white sesame seeds,1
sevenspice powder,1
sesamecilantro rice,0
sesamelime vinaigrette,0
black peppercorns,1
shallot oil,0
shallot onion,0
shallot onions,0
shallot rings,0
truffle salt,1
shallot,0
shallot vinaigrette,0
shallots half,0
shallots intact,0
shallot powder,1
pickled shallots,0
shallot puree,0
shallot salt,1
shallots onion,0
shallots rings,0
shallots slices,0
shanghai noodles,0
sharlyn melon,0
sharp cheddar,1
gelatine,1
matzo,0
pastry,0
chocolate shavings,0
sheets phyllo,0
shell pasta,0
shelled peanuts,1
seaweed wraps,1
sherry wine,0
sherry syrup,0
sherry vermouth,0
shichimi togarashi,1
shimeji mushrooms,1
shishito peppers,1
shiso leaves,1
shortgrain rice,0
shortcrust pastry,0
bird's eye chili,1
shrimp paste,1
shrimp powder,1
seaweed sheets,1
shrimp stock,1
sichuan pepper,1
sichuan peppercorns,1
sicilian oregano,1
silken tofu,1
baking sheet,1
silver tequila,1
silk tofu,1
white vinegar,1
sirloin steak,1
skate wing,1
skim milk,0
bamboo skewers,1
skinless cod,1
skinless halibut,1
skinless peanuts,1
skirt steak,1
skinless chicken breast,1
skinless turkey breast,1
skinless salmon fillet,1
skinless duck breast,1
sliced chard,1
slices bacon,1
slices baguette,0
slices beef,1
shredded zucchini,1
sliced tofu,1
sliced turkey,1
sliced cucumber,1
sliced salmon,1
slices bread,0
slices cabbage,1
slices carrots,0
slices celery,1
slices brioche,0
slices radish,1
slices avocado,1
slices jicama,1
slices daikon,1
slices challah,0
slices cheddar,1
slices cheese,1
slices chorizo,1
slices ciabatta,0
jalapeno,1
slices zucchini,1
slices salami,1
slices bell pepper,1
slices prosciutto,1
lardo,1
multigrain bread,0
slices eggplant,1
slices tomato,1
slices pancetta,1
slices parmesan,1
slices parsnips,0
slices pineapple,0
slices plantain,0
slices pepperoni,1
slices pumpkin,0
slices papaya,0
pumpernickel,0
romano,1
slices turkey,1
slices tofu,1
slices sausage,1
slices sourdough,0
slices cheddar cheese,1
slices smoked salmon,1
watermelon,0
tomatoes,1
beet,0
feta,1
cow milk,0
smoky bacon,1
snapper fillet,1
snapper fillets,1
snow pea,0
snow peas,0
soft baguette,0
soppressata salami,1
sorbet,0
sorghum flour,0
sorghum syrup,0
sourdough baguette,0
spelt flour,0
sunflower seed butter,1
sourdough bread,0
sourdough croutons,0
sourdough demibaguettes,0
sourdough rolls,0
sourdough starter,0
sourdough pancakes,0
sourdough waffles,0
sourdough pizza crust,0
sourdough pretzels,0
sourdough bagels,0
soy nuts,0
soy paste,0
soy tempeh,0
soy yogurt,0
soybean oil,1
soybean paste,0
soybean sprouts,1
soymilk nofat,0
spaghetti pasta,0
spaghetti sauce,0
spaghetti strands,0
spaghettini,0
spanish mackerel,1
spearmint,1
spice blend,1
spice powder,1
spice rub,1
spicy greens,1
spicy sausage,0
wasabi,1
spicy mustard,1
spicy walnuts,0
spinach dip,0
spirulina powder,1
spinach pesto,0
spiralized zucchini,1
spiced tofu,1
split lentils,0
split peas,0
spoon bread,0
spray butter,1
spray oil,1
whisk oil,0
spring carrots,0
spring garlic,1
spring greens,1
spring onion,1
spring scallions,1
spring vegetables,0
lemon water,1
spring herbs,1
spring lettuce,1
spring radishes,1
spring peas,0
springroll wrappers,0
squacquerone cheese,1
kelp,1
nori,1
squashed garlic,1
zucchini moons,1
squash slices,0
calamari,1
squash cubes,0
squash puree,0
squash noodles,0
squid ink,1
squid rings,1
sriracha gochujang,0
sriracha paste,0
sriracha sauce,0
ssam sauce,0
steak fat,1
steak flatiron,1
steak tenderloin,1
steak sauce,0
steamed chestnuts,0
steamed rice,0
mushroom gravy,0
stilton cheese,1
stock chicken,1
stock beef,1
sterile water,1
stilton toasts,0
stock powder,1
stoneground grits,0
store-bought sauerkraut,1
stock water,1
stock wine,0
seaweed flakes,1
meringues,0
strawberry extract,1
strawberry sorbet,0
strawberryrhubarb jam,0
streusel topping,0
strawberry puree,0
strawberry vinegar,1
strawberry powder,0
strawberry seeds,1
strozzapreti pasta,0
sub rolls,0
ice cream cones,0
hazelnut,1
sugar crystals,0
monk fruit sweetener,1
erythritol,1
xylitol,1
sugar substitute,1
superfine sugar,0
sugar syrup,0
sugar pearls,0
sugar cubes,0
turbinado sugar,0
vanilla sugar,0
sugarcane,0
sultana raisins,0
sumac,1
sumac powder,1
summer savory,1
summer squash,1
root vegetables,0
sunflower butter,0
winter squash,0
moon grapes,0
starfruit,1
earth nuts,1
galaxy beans,0
superfinecaster sugar,0
sushigrade tuna,1
suze liqueur,0
sweet potato,0
sweettart apple,0
sweettart apples,0
swiss chard,1
syrup corn,0
sugar beet,0
sweet basil,1
seaweed nori,1
syrup honey,0
syrup maple,0
syrup molasses,0
syrup agave,0
syrup coconut,0
syrup date,0
syrup rice,0
szechuan vegetable,0
balsamic,0
agar agar,1
t sugar,0
tabbouleh salad,0
tablebspoons vinegar,1
tumeric,1
tamari sauce,1
tablepoons almonds,1
tablepoons hazelnuts,1
tablepoons oil,1
tablepsoon garlic,1
tablepsoon mint,1
simple syrup,0
rennet,1
taco shells,0
tagliatelle,0
tahini sauce,0
farfalle,0
orecchiette,0
tiger shrimp,1
tajin seasoning,1
taleggio cheese,1
tarragon leaves,1
turmeric powder,1
tamarind block,0
tamarind chutney,0
tamarind concentrate,0
tamarind sauce,0
tamarind powder,0
tamarind syrup,0
tamarind vinegar,1
tamarind pulp,0
tandoori masala,1
tangerine chutney,0
tangerine granita,0
tangerine peel,1
minneolas,0
tangerine sorbet,0
tangerine marmalade,0
tangerine vinegar,1
tangerines,0
tangy salsa,1
tapenade,1
tapioca pearls,0
taro slices,0
tarragon oil,1
tarragon vinegar,1
tart cherries,0
tart shell,0
tasso ham,1
tater tots,0
tatsoi watercress,1
tartar sauce,0
tawny port,0
tea powder,1
teaspoon,1
teaspoons,0
tempura batter,0
tempura mix,0
tender beans,0
tender escarole,1
tender greens,1
tender herb,1
tender spinach,1
tender kale,1
tender chard,1
tender bok choy,1
tender mustard greens,1
tender herbs,1
tender lettuces,1
tender thyme,1
tenderloin fat,1
tenderloin tail,1
tender radicchio,1
tenderloin,1
tennessee whiskey,1
tequila blanco,1
tetilla cheese,1
thai chile,1
terra chips,0
texas toast,0
teff flour,0
thai chiles,1
thick asparagus,1
thick bacon,1
flanken ribs,1
lemongrass stalks,1
thick okra,1
thickcut bacon,1
thickcut ham,1
thincut bacon,1
harissa,1
fish,1
thyme parsley,1
tamari soy sauce,1
tilapia fillets,1
tipo flour,0
breadsticks,0
tempeh cubes,1
toban djan,1
toffee bits,0
toffee,0
toffee sauce,0
tofu cream,1
tofu cut,1
tofu pureed,1
togarashi shichimi,1
zucchini spirals,1
tomatillos,1
tomatillo husk,0
tomatillos charred,1
tomatillos cut,1
tomatillos half,1
tarragon tofu,1
turmeric tempeh,0
thyme tofu,1
tomatillos husks,1
tomato basil,0
tomato butter,0
tomato vinegar,1
tomato puree,0
tomato flakes,0
tomato powder,0
tomato chutney,0
tomato cut,0
tomato jam,0
tomato juice,0
tomato ketchup,0
tomato masala,0
tomato oil,1
tomato relish,0
tomato salsa,1
green tomatoes,0
tomato vinaigrette,0
tomato water,1
tomatochipotle salsa,1
tomatoes baby,1
tomatoes basil,1
tomatoes cherry,1
tomatoes chiles,1
tomatoes bites,1
chili tomatoes,1
tomatoes cut,1
tomatoes half,1
tomatoes diced,1
tomatoes puree,0
tomatoes paste,0
tomatoes sauce,0
tomatoes heirloom,1
tomatoes juice,0
tomatoes heirlooms,1
tomatoes juices,0
tomatoes crushed,0
serrano salsa,1
wonton wrappers,0
egg roll wrappers,0
tonkatsu sauce,0
toor dal,0
topping cream,1
tortellini,0
tortelloni,0
tortilla chips,0
tortilla wraps,0
tostada shells,0
trail mix,0
tortilla soup,0
tortilla strips,0
taco seasoning,1
transfatfree margarine,1
treacle molasses,0
treviso chicory,1
treviso radicchio,1
tripel ale,0
tripoline mafaldine,0
trout bite,1
trout bones,1
tri steak,1
trout flesh,1
trout heads,1
trout roe,1
truffle butter,0
truffle honey,0
truffle juice,1
truffle paste,0
truffles jars,1
truffle vinegar,1
truffle mayonnaise,0
truffle mustard,0
trumpet mushrooms,1
tub tofu,1
tube pasta,0
tubetti pasta,0
tuna fillets,1
tuna oil,1
tuna steak,1
tuna steaks,1
tuna water,1
turbot fillets,1
turkey broth,1
turkey carcass,1
turkey beef,1
turkey wings,1
turkey drumsticks,1
turkey giblets,1
turkey liver,1
turkey cutlets,1
turkey drumstick,1
turkey fat,1
turkey figs,0
turkey gravy,0
turkey leg,1
turkey legs,1
turkey loaves,0
turkey pepperoni,1
turkey thighs,1
turmeric root,1
turmeric syrup,0
tuscan kale,1
udon noodles,0
tuscan melon,0
tuscan lemon,1
tuscan bread,0
uku fillets,1
umeboshi plums,0
unripe mango,0
urad dal,0
ume vinegar,0
unhulled sesame seeds,1
umami seasoning,1
udon broth,0
urfa pepper,1
vadouvan powder,1
espadin mezcal,1
vanilla beans,1
vanilla bourbon,1
vanilla cookies,0
vanilla crumb,0
vanilla elixir,0
vanilla paste,0
vanilla powder,1
vanilla pod,1
vanilla essence,1
vanilla protein powder,0
vanilla sauce,0
vanilla syrup,0
vanilla flavoring,1
vanilla yogurt,0
veal chops,1
veal demiglace,1
veal marrowbones,1
veal scallopini,1
veal scallops,1
veal shank,1
veal steak,1
veal stock,1
vegan butter,1
vegan mayo,1
vegan mayonnaise,1
vegetable bouillon,0
vegetable puree,0
vegetable juice,0
vegetable pickles,1
vegetable shortening,1
olive oil vinaigrette,0
stir-fry sauce,0
vegetable medley,0
veggie broth,1
veggie burgers,0
ranch dressing,1
venison sausage,0
venison shoulder,1
venison tenderloin,1
vermicelli noodles,0
vidalia onion,0
vidalia onions,0
vital wheat gluten,1
vinaigrette dressing,0
vietnamese mint,1
vietnamese ricepaper,0
vine tomatoes,0
vegan cheese,0
soy glaze,0
lemon reduction,0
teriyaki marinade,0
black licorice,0
white wine vinegar,1
wafer cones,0
wafer cookies,0
wheat bran,0
wakame seaweed,1
walla onions,0
waffle mix,0
waffle batter,0
all-purpose seasoning,1
walla walla onions,0
walnut flour,1
almond slivers,1
hazelnut pieces,1
pecan pieces,1
wasabi powder,1
salted cod,1
water beans,0
watermelon radish,1
water spinach,1
water chestnut flour,0
watermelon seeds,1
watermelon juice,0
salad,0
watercress tender,1
watermelon cantaloupe,0
watermelon flesh,0
watermelon jalapenos,1
watermelon pureed,0
watermelon radishes,1
watermelon rind,1
watermelon syrup,0
watermelon chunks,0
watermelon salad,0
watermelon sorbet,0
wax peppers,1
waxy potato,0
waxy potatoes,0
wheat baguette,0
wheat beer,0
wheat berries,0
wheat breadcrumbs,0
wheat buns,0
wheat couscous,0
wheat crackers,0
wheat pasta,0
wheat tortillas,0
wheat germ,0
wheat ditalini,0
wheat farfalle,0
wheat fettuccine,0
wheat lasagna,0
wheat macaroni,0
wheat muffins,0
wheat noodles,0
wheat orecchiette,0
wheat penne,0
wheat pita,0
wheat pitas,0
wheat rigatoni,0
wheat spaghetti,0
wholemeal flour,0
camembert cheese,1
quinoa pasta,0
bourbon whiskey,1
white miso paste,0
white cabbage,1
white carrots,0
white cheddar,1
white bread,0
white cake,0
white rice,0
white beans,0
white chocolate,0
white potatoes,0
white onions,1
white chia seeds,1
white cornmeal,0
white flour,0
white sugar,0
white grapefruit,0
white hominy,0
white peaches,0
white pepper,1
white radishes,1
white quinoa,0
port wine,0
royal icing,0
white sesame,1
white tahini,1
whitemeat chicken,1
whiteskinned potato,0
whitetruffle oil,1
whitewine vinegar,1
wholegrain mustard,1
wildflower honey,0
beaujolais wine,0
chardonnay wine,0
cider wine,0
gewurztraminer wine,0
rioja wine,0
red wine sauce,0
shiraz wine,0
vermouth wine,0
wine vinegar,1
balsamic reduction,0
wing fillets,1
beef cut,1
wing sauce,0
wing seasoning,1
winter greens,1
winter melon,1
turnip,1
leek,0
winter vegetables,0
wondra flour,0
wild rice,0
xanthum gum,1
apple chips,0
yam,0
yau choy,1
aged vinegar,1
yam half,0
yams patted,0
yeast flakes,1
yogurt greek,0
yeast cake,0
yogurt cream,0
whiskey barrel-aged vinegar,1
greek yogurt alternative,0
yeast starter,0
yogurt lemon,0
yogurt milk,0
yogurt starter,1
yogurt tahini,0
mezcal,1
yolk egg,1
yuca flour,0
yuzu juice,0
yuzu kosho,1
yuzu lime,1
zaatar oregano,1
zarame sugar,0
zest lemon,1
umeboshi plum,0
kala namak,1
zest lemons,1
zest lime,1
zest limes,1
zest orange,1
zest oranges,1
zest tangerines,1
zinfandel vinegar,1
fusilli,0
ziti pasta,0
macaroni,0
zucchini blossoms,1
zucchini cut,1
zucchini eighths,1
zucchini half,1
zucchini halfmoons,1
zucchini rounds,1
zucchini strips,1
zucchini slices,1
zucchini squash,1
zucchini juice,1
zucchini chips,0
zucchini flowers,1
zucchini water,1
zwieback toasts,0
zucchini seeds,1
zucchini skin,1
